phi,c,sigma,r2
0.9999230169341444,-0.0014076174692277056,0.6080715357585463,0.9998416156393469
