mean,std,skewness,kurtosis_excess,num_events,burstiness
-13.556704524386518,48.31561350929779,-0.23562824519546782,1.9972301128391026,19,-0.3433680903233915
