real_anisotropy,surrogate_mean,surrogate_std,z_score
0.5400927534904361,0.557424232821697,0.029359188562907226,-0.5903255566523968
