real_std,null_mean,null_std,z_score
0.8834475702276415,0.8974856024823907,0.04960558442540602,-0.28299298188611755
