method,transitions,mean_dwell
mean,91,205.2888888888889
median,95,199.72340425531914
gmm,93,200.8586956521739
