state_id,s_position,V_depth
0,18910.539478945953,2.042037071097849
1,50759.86912769703,0.9838450575175124
2,84599.78187949504,1.142528056624316
3,158251.3566922319,1.6867968263133388
